category,list_type,date,asin_count,brand_count,cr3,cr5,hhi,price_median,price_p25,price_p75,review_median,review_p75,rate_mean,has_video_pct
Category E,best_seller,2026-02-01,100,80,0.1276,0.1787,0.0169,15.2574,10.0031,28.4217,18734.3067,44232.8528,4.5555,0.8955
Category E,best_seller,2026-02-02,100,80,0.1203,0.1801,0.0167,15.7257,9.9603,27.6302,18395.4761,44774.4188,4.5808,0.8706
Category E,best_seller,2026-02-03,100,81,0.1305,0.189,0.0168,16.2076,9.8644,28.5719,19710.7759,43954.3498,4.5503,0.8768
Category E,best_seller,2026-02-04,100,82,0.1192,0.1792,0.0157,16.1642,9.9059,28.5778,19805.3927,44994.0509,4.5347,0.8501
Category E,best_seller,2026-02-05,100,81,0.109,0.1675,0.016,15.7013,9.9841,27.1274,21647.2497,45429.5942,4.4603,0.8593
Category E,best_seller,2026-02-06,100,81,0.1198,0.1778,0.0166,14.7022,9.6785,27.3408,20340.1878,47680.5164,4.5024,0.8425
Category E,best_seller,2026-02-07,100,82,0.1199,0.1686,0.016,13.3104,10.1175,26.7044,18872.3119,45838.8963,4.5648,0.8472
Category E,best_seller,2026-02-09,100,81,0.1195,0.1792,0.0168,13.9949,9.6477,27.7326,18970.7073,44560.0193,4.4412,0.8675
Category E,best_seller,2026-02-10,100,82,0.1217,0.1718,0.0164,14.6849,10.0673,27.2427,19171.9344,45564.0156,4.5017,0.8737
Category E,best_seller,2026-02-11,100,82,0.1178,0.1721,0.0162,13.8569,9.6112,26.1576,19182.6045,45388.9035,4.5424,0.8727
Category E,best_seller,2026-02-12,100,82,0.1118,0.1723,0.0155,13.9358,9.6108,24.9505,19017.2725,45578.8612,4.42,0.8797
Category E,best_seller,2026-02-13,100,83,0.1117,0.1599,0.0154,13.4208,9.3235,25.2979,18754.9443,44785.0965,4.4036,0.8629
Category E,best_seller,2026-02-14,100,84,0.108,0.1508,0.015,13.3842,9.6125,26.7943,18756.5805,45336.1837,4.5259,0.8836
Category E,movers_shakers,2026-02-01,99,79,0.1221,0.18,0.0165,13.3458,9.215,23.021,8491.5919,25143.1676,4.5255,0.2115
Category E,movers_shakers,2026-02-02,99,86,0.0912,0.1298,0.0138,13.1822,8.1054,19.681,5533.3283,16271.9983,4.5523,0.2017
Category E,movers_shakers,2026-02-03,100,87,0.0917,0.1313,0.013,11.3891,8.0757,17.2189,7352.7668,18124.4993,4.5049,0.14
Category E,movers_shakers,2026-02-04,100,84,0.1019,0.1419,0.0147,14.1057,8.1609,23.9565,7559.0754,17768.2681,4.4628,0.1582
Category E,movers_shakers,2026-02-05,50,47,0.118,0.1604,0.0222,15.4139,10.0763,24.3801,8427.8121,18494.026,4.6171,0.1215
Category E,movers_shakers,2026-02-06,99,81,0.0696,0.1093,0.0142,11.8123,7.8371,20.2317,8258.721,24254.5149,4.5593,0.1093
Category E,movers_shakers,2026-02-07,100,81,0.1,0.1616,0.0153,12.2221,8.9885,20.7785,7493.1173,18278.6332,4.4777,0.118
Category E,movers_shakers,2026-02-09,99,75,0.1319,0.1703,0.0184,12.1004,7.8834,17.3621,6696.1501,18649.7129,4.4604,0.1493
Category E,movers_shakers,2026-02-10,98,80,0.1402,0.1806,0.0199,11.9229,9.4374,17.7096,8452.615,22925.379,4.5727,0.1418
Category E,movers_shakers,2026-02-11,100,83,0.0986,0.1609,0.0153,12.1584,8.7405,20.122,7338.2159,19275.0388,4.4942,0.1587
Category E,movers_shakers,2026-02-12,99,78,0.0914,0.1544,0.0151,11.9512,8.7623,20.2416,6524.1386,15377.0278,4.4741,0.1331
Category E,movers_shakers,2026-02-13,100,78,0.1003,0.157,0.0162,14.9253,9.9163,20.0385,8005.5378,19392.4247,4.444,0.148
Category E,movers_shakers,2026-02-14,100,84,0.0889,0.1405,0.014,12.5996,9.3274,20.2911,7369.0493,18539.1893,4.4081,0.1081
Category E,new_release,2026-02-01,100,80,0.0987,0.1387,0.0147,17.5314,10.1614,30.1588,37.8558,81.9497,4.3909,0.5278
Category E,new_release,2026-02-02,100,76,0.0904,0.1312,0.0152,15.8044,10.0182,29.3803,34.788,80.7192,4.3804,0.5404
Category E,new_release,2026-02-03,100,77,0.1005,0.149,0.0157,14.9616,9.8316,25.9301,40.2459,81.4557,4.3385,0.5259
Category E,new_release,2026-02-04,100,72,0.0982,0.1604,0.0176,13.9058,9.7945,25.3421,43.4729,90.055,4.5271,0.5096
Category E,new_release,2026-02-05,100,78,0.0989,0.1427,0.0153,13.787,10.0881,24.9997,42.7775,85.5895,4.4557,0.5002
Category E,new_release,2026-02-06,100,76,0.098,0.1604,0.0165,14.091,9.814,25.4058,49.6406,95.1049,4.43,0.5065
Category E,new_release,2026-02-07,100,72,0.1179,0.1832,0.0187,13.0226,9.8169,24.0375,50.8568,85.8489,4.4291,0.4875
Category E,new_release,2026-02-09,98,71,0.1108,0.1623,0.018,13.5294,10.0341,19.7979,46.4475,77.1879,4.5364,0.5041
Category E,new_release,2026-02-10,97,73,0.1037,0.1546,0.0171,13.2606,10.0577,20.0964,46.814,86.0396,4.3213,0.507
Category E,new_release,2026-02-11,100,77,0.1222,0.1682,0.0167,12.2276,9.9339,20.693,49.4191,82.5097,4.3922,0.4842
Category E,new_release,2026-02-12,100,78,0.1212,0.1596,0.0169,12.8405,10.0167,21.7203,54.022,84.4186,4.4232,0.4802
Category E,new_release,2026-02-13,100,81,0.1209,0.1589,0.0161,13.2012,9.915,20.1243,50.8351,80.5842,4.5092,0.487
Category E,new_release,2026-02-14,100,81,0.1182,0.1626,0.016,12.2598,9.2203,19.626,50.3452,77.7338,4.4362,0.4934
Category A,best_seller,2026-02-01,100,63,0.2116,0.294,0.0323,15.7387,9.7971,20.8874,29761.84,67843.1793,4.3844,0.8326
Category A,best_seller,2026-02-02,100,67,0.1822,0.2532,0.0267,16.0293,10.1787,23.3627,30667.8202,68122.2701,4.4224,0.826
Category A,best_seller,2026-02-03,100,63,0.1997,0.271,0.0309,16.2858,10.1337,23.7237,31394.4676,69985.0397,4.5096,0.824
Category A,best_seller,2026-02-04,100,66,0.203,0.2742,0.0273,16.4051,9.8755,24.2407,29996.0083,69417.5297,4.3979,0.8273
Category A,best_seller,2026-02-05,100,65,0.209,0.2768,0.0314,16.937,9.7916,23.7181,32424.1337,67772.3627,4.4971,0.8209
Category A,best_seller,2026-02-06,100,64,0.2185,0.3024,0.0328,16.2171,9.8395,23.6279,30768.73,68923.3169,4.3982,0.8457
Category A,best_seller,2026-02-07,100,66,0.1894,0.2584,0.0281,18.9507,9.8651,25.9613,30414.0021,66386.9116,4.524,0.8513
Category A,best_seller,2026-02-09,100,69,0.1805,0.2498,0.0262,17.5851,10.0589,23.6806,26507.8191,67208.0666,4.3684,0.8704
Category A,best_seller,2026-02-10,100,69,0.1993,0.2568,0.0276,17.3547,10.1316,23.4108,33530.6751,68649.4825,4.4056,0.8719
Category A,best_seller,2026-02-11,100,70,0.1928,0.2518,0.0258,18.4009,10.3208,22.5523,30043.1595,66607.9163,4.3896,0.8774
Category A,best_seller,2026-02-12,100,71,0.1797,0.2394,0.0253,17.0461,9.8334,20.6483,29716.0864,66560.8336,4.5292,0.8534
Category A,best_seller,2026-02-13,100,71,0.18,0.2503,0.0252,16.3921,11.3625,20.9935,34435.5423,67908.545,4.4157,0.8876
Category A,best_seller,2026-02-14,100,72,0.1676,0.2304,0.0221,16.7261,11.9858,23.5343,34637.7898,70745.4966,4.4577,0.8536
Category A,movers_shakers,2026-02-01,100,73,0.1694,0.2327,0.0231,16.9034,10.1688,24.4362,22421.8332,63184.307,4.5348,0.352
Category A,movers_shakers,2026-02-02,100,74,0.1621,0.2202,0.0225,18.6018,10.9369,27.2443,9608.891,38845.7622,4.4609,0.4281
Category A,movers_shakers,2026-02-03,100,75,0.1388,0.1887,0.0183,15.8136,9.7869,20.1284,11147.9213,31146.5801,4.4424,0.4232
Category A,movers_shakers,2026-02-04,100,80,0.1496,0.2071,0.0184,13.3865,9.8646,23.2389,10141.6896,43557.0976,4.532,0.3198
Category A,movers_shakers,2026-02-05,100,74,0.1619,0.222,0.0209,16.3398,10.5386,23.7842,11010.1237,44794.4759,4.5102,0.3474
Category A,movers_shakers,2026-02-06,80,66,0.1255,0.1893,0.0187,15.2822,10.0962,23.9824,9859.3816,34329.6703,4.4488,0.4437
Category A,movers_shakers,2026-02-07,100,82,0.1113,0.1473,0.0156,15.9531,10.1096,22.932,10531.2252,47940.7004,4.5171,0.4164
Category A,movers_shakers,2026-02-09,100,77,0.1417,0.1905,0.0179,18.3578,12.8148,24.3824,9709.8628,36504.5175,4.4809,0.376
Category A,movers_shakers,2026-02-10,100,84,0.07,0.1082,0.0133,16.7199,11.6821,23.9196,8819.1868,23777.4125,4.5107,0.408
Category A,movers_shakers,2026-02-11,100,88,0.0892,0.1288,0.0131,16.8931,10.0785,24.0655,8543.006,21807.6542,4.3814,0.3822
Category A,movers_shakers,2026-02-12,100,89,0.08,0.1209,0.0128,15.8003,10.1823,19.9607,6645.0657,22044.3062,4.3786,0.424
Category A,movers_shakers,2026-02-13,100,83,0.1093,0.1678,0.0152,16.0467,10.1758,20.1098,8316.8928,25068.4971,4.5313,0.4499
Category A,movers_shakers,2026-02-14,100,78,0.119,0.1817,0.017,16.2401,10.0417,19.8938,10939.3867,43798.5032,4.5239,0.446
Category A,new_release,2026-02-01,100,53,0.3355,0.4027,0.0572,15.4193,12.63,21.7173,41.3561,77.158,4.4546,0.8101
Category A,new_release,2026-02-02,100,56,0.3238,0.3792,0.0523,14.8407,12.046,22.0699,46.8813,75.9469,4.4802,0.7757
Category A,new_release,2026-02-03,100,50,0.3845,0.4213,0.065,14.7655,12.6164,19.7466,46.2602,79.5481,4.418,0.7734
Category A,new_release,2026-02-04,100,52,0.3564,0.4063,0.0581,15.0139,9.9998,20.1987,43.3559,71.4862,4.4472,0.7248
Category A,new_release,2026-02-05,99,53,0.3243,0.3955,0.0493,15.0298,9.9059,19.6752,40.6856,69.9564,4.4875,0.7738
Category A,new_release,2026-02-06,100,53,0.3161,0.3826,0.0504,15.8967,10.1475,20.3492,44.7331,72.0882,4.4114,0.7979
Category A,new_release,2026-02-07,100,48,0.3336,0.414,0.0584,14.8756,9.8292,20.1534,42.4432,70.3341,4.5085,0.7632
Category A,new_release,2026-02-09,100,54,0.3043,0.3668,0.0493,15.0736,9.871,18.3847,45.1303,77.3419,4.5195,0.7295
Category A,new_release,2026-02-10,100,48,0.3364,0.4003,0.0619,14.4638,10.1391,19.6076,47.2013,78.3912,4.5202,0.7385
Category A,new_release,2026-02-11,100,50,0.3308,0.4052,0.0546,13.7508,9.7994,19.7294,45.366,73.0575,4.4845,0.6752
Category A,new_release,2026-02-12,100,47,0.3459,0.4167,0.0562,13.9916,9.7405,20.2117,46.0828,73.2857,4.6001,0.7498
Category A,new_release,2026-02-13,100,45,0.3491,0.4258,0.0567,13.2285,9.7283,17.9904,47.0952,70.0004,4.4671,0.7382
Category A,new_release,2026-02-14,100,49,0.3375,0.425,0.0505,13.1859,9.932,18.8565,49.2223,74.2607,4.5286,0.778
Category D,best_seller,2026-02-01,100,56,0.2933,0.3483,0.044,24.3103,12.1283,54.4613,20855.5476,52278.0798,4.53,0.7718
Category D,best_seller,2026-02-02,100,56,0.294,0.348,0.0462,21.7358,12.5069,50.7681,21680.1175,53226.3508,4.6325,0.7937
Category D,best_seller,2026-02-03,100,53,0.3349,0.4073,0.0605,24.3712,12.4931,60.0365,22683.9138,52076.4085,4.5843,0.7594
Category D,best_seller,2026-02-04,100,55,0.3143,0.3927,0.0541,23.1381,11.8281,55.4353,21265.8685,52318.6689,4.4679,0.7695
Category D,best_seller,2026-02-05,100,54,0.3274,0.3956,0.0545,22.4691,12.2045,55.0472,18121.0684,49413.1618,4.5303,0.7714
Category D,best_seller,2026-02-06,100,55,0.3245,0.3927,0.0556,23.201,12.0047,60.165,19704.2109,50115.6325,4.5432,0.7272
Category D,best_seller,2026-02-07,100,55,0.3294,0.3961,0.0545,23.3575,12.0518,62.6806,18543.6547,51090.408,4.5629,0.7894
Category D,best_seller,2026-02-09,100,55,0.3153,0.3859,0.0522,23.9152,12.2038,65.8371,19488.5967,49429.481,4.6285,0.7832
Category D,best_seller,2026-02-10,100,53,0.3252,0.3901,0.0525,22.0597,12.2697,65.8631,18953.536,49301.8326,4.6414,0.7841
Category D,best_seller,2026-02-11,100,54,0.3052,0.3765,0.051,21.9684,12.0114,56.018,17969.2075,48713.1889,4.477,0.7694
Category D,best_seller,2026-02-12,100,53,0.3161,0.3731,0.0511,21.885,11.7766,61.1315,18532.8487,49076.5394,4.5994,0.7949
Category D,best_seller,2026-02-13,100,54,0.3111,0.3733,0.0503,24.3202,12.2801,55.0564,18814.276,48825.4994,4.579,0.75
Category D,best_seller,2026-02-14,100,54,0.3118,0.3759,0.0509,25.0664,12.2944,59.431,18905.4639,51096.2968,4.5049,0.7505
Category D,movers_shakers,2026-02-01,99,66,0.1701,0.2329,0.026,30.569,16.3335,84.0383,8450.6649,24306.8698,4.4321,0.0999
Category D,movers_shakers,2026-02-02,99,66,0.2145,0.2722,0.0348,18.7913,10.1071,39.6262,6822.6864,25678.7312,4.4957,0.0616
Category D,movers_shakers,2026-02-03,95,58,0.2122,0.3206,0.0314,22.5201,9.8588,68.5629,6109.2989,16733.7741,4.5562,0.1247
Category D,movers_shakers,2026-02-04,98,67,0.1535,0.2356,0.0228,27.9738,13.4921,83.6162,5650.2699,19636.8313,4.429,0.1119
Category D,movers_shakers,2026-02-05,99,64,0.2034,0.2774,0.0278,35.5497,15.8846,91.9409,6027.9166,22031.169,4.543,0.1094
Category D,movers_shakers,2026-02-06,99,69,0.1828,0.2414,0.0232,31.5912,16.0127,91.1972,6109.5554,18730.0142,4.521,0.0824
Category D,movers_shakers,2026-02-07,98,64,0.1969,0.2685,0.0269,30.522,17.2912,89.9374,6632.9361,26299.5414,4.5367,0.1213
Category D,movers_shakers,2026-02-09,99,71,0.1888,0.2277,0.0287,14.2674,9.4115,29.0932,6754.9051,17629.5978,4.6301,0.1397
Category D,movers_shakers,2026-02-10,100,73,0.1803,0.2417,0.0239,17.2944,9.888,38.2184,6887.4796,22015.4019,4.5929,0.0796
Category D,movers_shakers,2026-02-11,100,70,0.1894,0.2539,0.0247,24.4153,11.5458,83.9276,6517.8535,21751.5484,4.4591,0.1498
Category D,movers_shakers,2026-02-12,99,66,0.179,0.2615,0.0247,26.1591,14.8721,79.5008,5614.069,17294.4063,4.5457,0.1587
Category D,movers_shakers,2026-02-13,99,65,0.209,0.3067,0.0301,40.12,18.1468,101.8405,5480.1415,16563.1423,4.5142,0.0917
Category D,movers_shakers,2026-02-14,100,69,0.1816,0.2414,0.0244,40.6879,19.2844,102.3386,5627.0077,20432.7907,4.4288,0.1518
Category D,new_release,2026-02-01,100,74,0.1691,0.2336,0.0222,59.7291,20.3138,180.2856,118.9142,404.565,4.432,0.5643
Category D,new_release,2026-02-02,100,74,0.1684,0.2189,0.0224,59.9825,17.9492,177.8983,109.5482,360.1534,4.4747,0.5508
Category D,new_release,2026-02-03,100,74,0.1689,0.2213,0.0223,44.5638,13.3614,184.124,114.9812,407.6305,4.4624,0.5821
Category D,new_release,2026-02-04,100,74,0.1781,0.2339,0.0234,40.3462,13.1194,174.5964,106.3691,367.0498,4.5735,0.6007
Category D,new_release,2026-02-05,100,75,0.1822,0.2379,0.0228,40.7186,15.2619,178.5814,109.6992,378.6737,4.4981,0.5895
Category D,new_release,2026-02-06,100,80,0.148,0.2129,0.0197,33.7193,13.9232,138.5843,103.6779,316.31,4.5129,0.5543
Category D,new_release,2026-02-07,100,80,0.1387,0.1987,0.0189,31.2297,13.8388,144.3393,96.9019,257.4421,4.5338,0.5707
Category D,new_release,2026-02-09,100,79,0.148,0.204,0.0195,29.5009,12.4956,131.2902,103.4698,253.533,4.4361,0.5482
Category D,new_release,2026-02-10,100,79,0.1602,0.2073,0.0197,29.4742,12.9374,132.8862,103.9677,263.728,4.4101,0.5491
Category D,new_release,2026-02-11,100,80,0.1497,0.2005,0.0194,29.8514,13.5192,122.2332,104.397,239.9225,4.4631,0.54
Category D,new_release,2026-02-12,100,82,0.1505,0.1929,0.0186,29.8637,12.0494,139.0722,101.3158,227.0189,4.4845,0.5188
Category D,new_release,2026-02-13,100,81,0.1319,0.1693,0.0181,30.0336,13.8577,126.1126,107.1344,260.6158,4.396,0.4958
Category D,new_release,2026-02-14,100,79,0.1372,0.1792,0.0193,29.8388,13.4997,145.7746,104.7202,217.8444,4.516,0.497
Category B,best_seller,2026-02-02,100,76,0.2195,0.2654,0.0272,15.0101,9.7676,25.2962,40237.4208,95629.4327,4.5318,0.7942
Category B,best_seller,2026-02-03,100,75,0.226,0.2752,0.0287,15.1347,9.7676,25.3207,39886.5789,95135.5764,4.5285,0.7996
Category B,best_seller,2026-02-04,100,74,0.2321,0.2752,0.0289,15.1007,9.7584,24.5092,39059.4068,95883.3672,4.5954,0.7803
Category B,best_seller,2026-02-05,100,74,0.2116,0.2643,0.0274,13.8021,9.58,25.1022,40824.1452,95891.7576,4.4649,0.7809
Category B,best_seller,2026-02-06,100,74,0.2237,0.2743,0.028,13.8086,9.4318,23.8414,39665.8541,97826.1976,4.5149,0.8183
Category B,best_seller,2026-02-07,100,75,0.2239,0.2731,0.0279,13.5009,9.6109,23.8559,39207.5659,96677.1195,4.5545,0.8194
Category B,best_seller,2026-02-09,100,76,0.2008,0.2605,0.0264,15.04,9.7161,24.4517,39018.7816,92219.637,4.5764,0.795
Category B,best_seller,2026-02-10,100,75,0.2014,0.2591,0.0263,15.0427,9.3151,25.0618,37843.5403,91585.7951,4.5903,0.782
Category B,best_seller,2026-02-11,100,71,0.2139,0.2699,0.0283,13.9032,9.4209,23.8899,39269.3818,97333.0934,4.5396,0.8154
Category B,best_seller,2026-02-12,100,74,0.2142,0.2561,0.0265,13.9361,9.468,24.333,37918.4457,97975.7288,4.5659,0.782
Category B,best_seller,2026-02-13,100,73,0.2103,0.258,0.0267,14.4633,9.4261,23.1714,41457.3108,97226.4726,4.4941,0.7867
Category B,best_seller,2026-02-14,100,72,0.2131,0.2667,0.0277,13.414,9.4306,25.1798,39838.8176,100625.2273,4.6536,0.8014
Category B,movers_shakers,2026-02-02,100,81,0.1094,0.1715,0.0157,14.8014,9.9259,25.1317,26340.4725,65190.6117,4.5866,0.2214
Category B,movers_shakers,2026-02-03,100,87,0.1007,0.1379,0.0142,18.2597,9.8525,26.3607,16612.6509,42697.5085,4.6044,0.1393
Category B,movers_shakers,2026-02-04,100,71,0.163,0.2196,0.0215,17.0414,9.8448,30.4402,20439.4912,45035.0452,4.4522,0.1621
Category B,movers_shakers,2026-02-05,100,80,0.1503,0.1906,0.0187,16.2253,9.7873,25.2831,20078.3794,49564.9492,4.4281,0.121
Category B,movers_shakers,2026-02-06,100,82,0.1188,0.1604,0.0157,15.0363,8.9626,25.3458,29359.2543,61177.2129,4.5529,0.1395
Category B,movers_shakers,2026-02-07,100,89,0.1203,0.1618,0.0143,14.8036,9.6275,25.0668,21971.5896,57431.9169,4.5022,0.1405
Category B,movers_shakers,2026-02-09,100,84,0.1001,0.1405,0.0142,15.9979,9.9793,26.8346,22408.6763,50897.0931,4.4808,0.1668
Category B,movers_shakers,2026-02-10,100,79,0.1208,0.1819,0.017,17.1434,9.3918,26.9279,30996.3246,62346.4316,4.5516,0.1594
Category B,movers_shakers,2026-02-11,100,89,0.0997,0.1383,0.0133,13.7318,7.9222,25.0749,13174.7742,33273.9669,4.4835,0.182
Category B,movers_shakers,2026-02-12,100,90,0.0785,0.118,0.0122,13.7018,8.1299,24.9657,10005.1857,27680.6596,4.4888,0.2366
Category B,movers_shakers,2026-02-13,100,81,0.1309,0.1817,0.0166,16.4915,9.4511,34.7353,13481.8533,45002.8631,4.6193,0.1404
Category B,movers_shakers,2026-02-14,99,81,0.1221,0.1593,0.0159,17.3204,9.6293,29.1878,13205.2015,38215.2052,4.4763,0.2215
Category B,new_release,2026-02-02,100,75,0.0985,0.1401,0.016,22.6646,13.8945,46.2055,35.5264,69.6629,4.6064,0.4989
Category B,new_release,2026-02-03,100,79,0.0917,0.1298,0.0147,20.7175,12.9807,39.9732,33.9936,71.0715,4.4833,0.4203
Category B,new_release,2026-02-04,100,81,0.0806,0.1177,0.0137,20.8961,12.0139,34.5867,34.3507,65.4022,4.628,0.4246
Category B,new_release,2026-02-05,100,82,0.0807,0.1199,0.0137,21.7277,12.6928,35.0406,32.9428,64.3544,4.4833,0.4342
Category B,new_release,2026-02-06,100,83,0.0916,0.1287,0.0137,22.3976,12.8648,34.9474,37.2006,63.2176,4.4635,0.4195
Category B,new_release,2026-02-07,100,78,0.0698,0.1093,0.0141,21.1553,13.2415,36.4045,35.5842,68.0109,4.447,0.5144
Category B,new_release,2026-02-09,100,80,0.0701,0.1089,0.0138,22.54,13.1815,36.404,32.337,65.7258,4.6419,0.5482
Category B,new_release,2026-02-10,100,84,0.071,0.1091,0.0129,22.3394,13.2989,34.9112,32.9178,67.6359,4.3947,0.5437
Category B,new_release,2026-02-11,100,82,0.0793,0.1205,0.0137,20.3119,10.0628,30.2543,30.6362,67.1671,4.3834,0.5265
Category B,new_release,2026-02-12,100,84,0.0795,0.1178,0.0132,18.9768,10.1441,32.4897,32.2698,67.4875,4.3735,0.4806
Category B,new_release,2026-02-13,100,85,0.0994,0.1409,0.0143,18.9983,9.8321,35.509,36.4034,80.2587,4.4458,0.456
Category B,new_release,2026-02-14,100,88,0.081,0.1217,0.0132,18.7968,10.1539,39.8997,41.3589,85.291,4.4424,0.4578
Category C,best_seller,2026-02-02,100,75,0.1294,0.1936,0.0178,15.8526,10.0123,24.6304,14922.1378,35191.4388,4.4577,0.7605
Category C,best_seller,2026-02-03,100,72,0.1386,0.199,0.0196,16.6749,9.9667,26.6277,14614.512,35690.3803,4.4828,0.726
Category C,best_seller,2026-02-04,100,72,0.1391,0.2018,0.0194,16.7645,9.8166,26.0163,15833.1963,35881.5751,4.3903,0.7011
Category C,best_seller,2026-02-05,100,74,0.129,0.1922,0.0185,16.0274,9.476,25.3641,15573.1816,35286.7167,4.4308,0.7364
Category C,best_seller,2026-02-06,100,74,0.1323,0.1894,0.0187,14.9413,9.4442,23.7877,15520.8629,34171.6264,4.5022,0.7301
Category C,best_seller,2026-02-07,100,73,0.1321,0.1967,0.019,15.6796,9.3961,24.3819,15535.3769,33516.5455,4.4389,0.7195
Category C,best_seller,2026-02-09,100,73,0.1296,0.1879,0.0187,15.6998,9.5412,25.7968,13635.9696,34162.3381,4.3814,0.7265
Category C,best_seller,2026-02-10,100,76,0.1118,0.1715,0.0169,15.9183,9.7432,24.9242,16094.7792,34419.745,4.3809,0.7464
Category C,best_seller,2026-02-11,100,73,0.1188,0.1768,0.0176,15.1281,9.5313,22.7671,18721.0052,33857.9146,4.4848,0.7588
Category C,best_seller,2026-02-12,100,75,0.13,0.1918,0.0178,15.0042,9.3502,22.8254,16931.9697,34243.9675,4.5402,0.7586
Category C,best_seller,2026-02-13,50,42,0.1392,0.222,0.0271,16.7478,9.8098,26.4284,9701.0991,25051.1629,4.4553,0.7112
Category C,best_seller,2026-02-14,100,73,0.1276,0.1864,0.0184,13.4216,9.504,22.2933,17129.9953,34043.7292,4.4343,0.7443
Category C,movers_shakers,2026-02-02,100,87,0.11,0.1511,0.0143,15.9205,9.9592,22.9096,5203.2804,12659.8265,4.4476,0.1507
Category C,movers_shakers,2026-02-03,100,84,0.1087,0.1501,0.0155,19.232,9.96,26.2633,5648.6125,20955.0048,4.3998,0.1201
Category C,movers_shakers,2026-02-04,100,86,0.1107,0.1473,0.0143,13.0072,9.18,23.7623,7406.5954,21710.3572,4.4098,0.0891
Category C,movers_shakers,2026-02-05,100,89,0.0714,0.1119,0.0123,13.1391,8.7798,21.5857,7073.312,20478.3032,4.441,0.1614
Category C,movers_shakers,2026-02-06,100,88,0.0985,0.1404,0.0136,13.112,9.1116,23.2185,7289.4368,24122.4443,4.4485,0.1474
Category C,movers_shakers,2026-02-07,100,82,0.0896,0.131,0.0143,12.8271,8.3423,19.8134,6127.6654,18391.6258,4.4591,0.172
Category C,movers_shakers,2026-02-09,100,85,0.089,0.1311,0.0134,14.2297,8.8454,21.5848,6411.7544,17264.2619,4.4809,0.1277
Category C,movers_shakers,2026-02-10,100,87,0.1018,0.1384,0.0137,13.9918,9.0863,20.4877,6294.0821,17836.4723,4.4721,0.1579
Category C,movers_shakers,2026-02-11,100,87,0.1016,0.1388,0.0134,11.4845,8.8533,21.2048,8802.7975,23746.8729,4.4262,0.0805
Category C,movers_shakers,2026-02-12,100,85,0.1108,0.1481,0.0152,13.2232,8.9799,23.8099,6913.2464,19834.7646,4.5236,0.111
Category C,movers_shakers,2026-02-13,100,83,0.1093,0.1577,0.015,12.9546,8.986,24.2104,6265.2006,14159.7918,4.4834,0.1275
Category C,movers_shakers,2026-02-14,100,87,0.0991,0.1406,0.0137,12.9661,8.3714,20.1646,5234.0777,14873.01,4.4633,0.0893
Category C,new_release,2026-02-02,100,71,0.0987,0.1428,0.0171,26.1162,11.8461,50.9462,31.8064,71.4027,4.4223,0.4577
Category C,new_release,2026-02-03,100,75,0.0998,0.1395,0.0164,24.5846,11.9417,42.7749,32.028,66.7719,4.3839,0.4754
Category C,new_release,2026-02-04,100,77,0.0914,0.1276,0.0156,22.9216,12.148,49.5222,32.4102,68.3487,4.4891,0.4478
Category C,new_release,2026-02-05,100,78,0.1015,0.1395,0.0155,20.0312,9.8589,39.3579,31.5329,66.8295,4.4057,0.455
Category C,new_release,2026-02-06,80,65,0.0998,0.147,0.0179,25.432,15.0472,49.0686,33.0455,67.8805,4.357,0.4474
Category C,new_release,2026-02-07,100,78,0.0702,0.112,0.0145,20.6119,9.8028,50.8537,34.4335,66.9234,4.3162,0.4238
Category C,new_release,2026-02-09,100,86,0.0905,0.1288,0.0135,26.1165,12.1549,42.1117,37.4316,63.4514,4.3127,0.4261
Category C,new_release,2026-02-10,100,83,0.0886,0.1426,0.0141,25.7248,12.0312,45.6329,36.4821,68.897,4.4052,0.2129
Category C,new_release,2026-02-11,100,83,0.1006,0.1505,0.0143,22.2105,11.8451,39.7345,38.9019,69.1261,4.3574,0.4146
Category C,new_release,2026-02-12,100,87,0.0916,0.1422,0.0131,23.9474,11.8341,43.9313,36.5216,71.7275,4.2497,0.4026
Category C,new_release,2026-02-13,100,86,0.1005,0.1494,0.0141,20.064,12.0641,43.6254,36.277,74.6404,4.3668,0.4217
Category C,new_release,2026-02-14,100,83,0.1105,0.1575,0.0153,20.8165,12.2087,45.8026,39.1807,74.4695,4.3616,0.42
