category,days_observed,avg_cr3,avg_hhi,avg_price_median,avg_review_median,asin_retention_14d,brand_retention_14d,nr_bs_overlap_pct,ms_bs_overlap_pct,score_market_size,score_competition,score_new_product,score_momentum,score_stability,entropy_weights,composite_score,is_pareto,strategy_tag,n_subcategories,is_subcategory,parent_category,est_monthly_gmv,score_openness,tier,flag,archetype,positive_signals,risk_signal,score_market_size_c,score_openness_c,score_stability_c,base_score_c,nr_ms_pen_c,bonus_c,composite_score_c,tier_c,positive_signals_c,risk_signal_c
Category N,13,0.22923076923076927,0.0370210724711805,149.4,985.0,0.64,0.847457627118644,0.07851239669421488,0.012195121951219513,0.20725729032758775,0.7169269137871846,0.8421765908788407,0.6791776436431873,0.2606435407837202,"{""score_market_size"": 0.32760693770711274, ""score_competition"": 0.061317751919427704, ""score_new_product"": 0.15322561005137458, ""score_momentum"": 0.23012235210033366, ""score_stability"": 0.2277273482217513}",0.46237472403094404,1,Hidden Gem,12,0,,89116088.0,0.4046076224369715,较高机会类目,—,高成长高波动,,Unstable Structure,0.3180737408209136,0.3376597664115761,0.2606435407837202,31.057129976834712,0.1116,6.0,37.057129976834716,谨慎评估类目,,Unstable Structure
Category E,13,0.10000000000000002,0.014230773776485081,8.37,9156.0,0.73,0.7710843373493976,0.0,0.02748414376321353,0.0,1.0,0.0,0.375434489894925,0.5932977044079962,"{""score_market_size"": 0.32760693770711274, ""score_competition"": 0.061317751919427704, ""score_new_product"": 0.15322561005137458, ""score_momentum"": 0.23012235210033366, ""score_stability"": 0.2277273482217513}",0.24585861880884213,0,Watch,14,0,,57848338.0,0.40219515865361577,暂不考虑类目,High Risk,稳态老品市场,,Weak Demand,0.076080972046776,0.5137668989157114,0.5932977044079962,35.857522954120846,0.0,0.0,35.857522954120846,暂不考虑类目,,Weak Demand
Category Q,13,0.11846153846153848,0.01644282928068764,13.66,18366.0,0.73,0.8354430379746836,0.004464285714285714,0.022044088176352707,0.27910546599997477,0.9842331591326337,0.0,0.19227124191231806,0.41603650935829806,"{""score_market_size"": 0.32760693770711274, ""score_competition"": 0.061317751919427704, ""score_new_product"": 0.15322561005137458, ""score_momentum"": 0.23012235210033366, ""score_stability"": 0.2277273482217513}",0.3858625639188357,0,Avoid,12,0,,106834636.0,0.8993601389129985,谨慎评估类目,—,低效开放市场,Open Market,,0.25161735414203196,0.8690841613996986,0.41603650935829806,50.883552548628174,0.0,0.0,50.883552548628174,中性观察类目,Open Market,
Category I,13,0.1662859362859363,0.024893789487728878,12.38,40332.0,0.82,0.8870967741935484,0.005050505050505051,0.023255813953488372,0.5198440433149946,0.8744572943225773,0.0,0.34863134738340695,0.8196999532948922,"{""score_market_size"": 0.32760693770711274, ""score_competition"": 0.061317751919427704, ""score_new_product"": 0.15322561005137458, ""score_momentum"": 0.23012235210033366, ""score_stability"": 0.2277273482217513}",0.5258548087274919,0,Watch,11,0,,181863118.0,0.8825764111879936,高潜机会类目,—,稳定现金流市场,Open Market + Stable Structure,,0.5473142075055095,0.7060611289503949,0.8196999532948922,67.09720664585652,0.0,0.0,67.09720664585652,高潜机会类目,Stable Structure + Strong Demand,
Category C,13,0.14846153846153845,0.029427372903264835,40.76,954.0,0.73,0.7547169811320755,0.0625,0.07360861759425494,0.0012973509052408953,0.815567176757674,1.0,0.7219679728653785,0.3706797979752935,"{""score_market_size"": 0.32760693770711274, ""score_competition"": 0.061317751919427704, ""score_new_product"": 0.15322561005137458, ""score_momentum"": 0.23012235210033366, ""score_stability"": 0.2277273482217513}",0.4553994101305545,1,Hidden Gem,9,0,,41884116.0,0.36471162711257404,较高机会类目,—,高成长高波动,,Weak Demand,0.06088357400418551,0.3830170575248887,0.3706797979752935,25.10793492292086,0.1333,6.0,31.10793492292086,暂不考虑类目,,Weak Demand
Category O,13,0.13230769230769232,0.020960701536478093,9.75,25863.0,0.76,0.8923076923076924,0.017793594306049824,0.008438818565400843,0.4717957270721209,0.9255471256133261,0.36264543593003457,0.2877537907636967,0.6932842296350326,"{""score_market_size"": 0.32760693770711274, ""score_competition"": 0.061317751919427704, ""score_new_product"": 0.15322561005137458, ""score_momentum"": 0.23012235210033366, ""score_stability"": 0.2277273482217513}",0.3524043438177449,0,Watch,4,0,,756164726.0,0.05908248721559328,谨慎评估类目,—,稳定现金流市场,Stable Structure + Strong Demand,Brand Barrier,0.5878845818677763,0.11038687546966197,0.6932842296350326,44.71102965702504,0.0107,3.0,47.71102965702504,中性观察类目,Stable Structure + Strong Demand,Brand Barrier
Category A,13,0.1930769230769231,0.027721314151617178,17.65,31943.0,0.53,0.6825396825396826,0.0020876826722338203,0.002074688796680498,0.3460699894588145,0.8377284543273923,0.0,0.29599686481147086,0.03439430391658261,"{""score_market_size"": 0.32760693770711274, ""score_competition"": 0.061317751919427704, ""score_new_product"": 0.15322561005137458, ""score_momentum"": 0.23012235210033366, ""score_stability"": 0.2277273482217513}",0.3298006965010813,0,Avoid,11,0,,86947085.0,0.7748980953086786,暂不考虑类目,—,低效开放市场,,Unstable Structure,0.2664469866294447,0.6398017796580738,0.03439430391658261,33.910799351124936,0.0,0.0,33.910799351124936,暂不考虑类目,,Unstable Structure
Category B,13,0.26153846153846155,0.04294632423458041,24.05,3836.0,0.75,0.9,0.02586206896551724,0.08299595141700405,0.34341983814148813,0.6399593715660542,0.8784773060029286,0.6499870530644447,0.6276636428128994,"{""score_market_size"": 0.32760693770711274, ""score_competition"": 0.061317751919427704, ""score_new_product"": 0.15322561005137458, ""score_momentum"": 0.23012235210033366, ""score_stability"": 0.2277273482217513}",0.5010056890821872,0,Avoid,16,0,,343721472.0,0.19123065585851154,高潜机会类目,—,冷门封闭,,Brand Barrier,0.43440463407315233,0.23929511714641422,0.6276636428128994,41.44310553337308,0.0647,3.0,44.44310553337308,谨慎评估类目,,Brand Barrier
Category H,13,0.3153846153846154,0.05481535246963549,23.08,18360.0,0.79,0.8333333333333334,0.05181347150259067,0.02553191489361702,1.0,0.4857836557849583,0.7919950841684434,0.49182486286677507,0.6803898806968178,"{""score_market_size"": 0.32760693770711274, ""score_competition"": 0.061317751919427704, ""score_new_product"": 0.15322561005137458, ""score_momentum"": 0.23012235210033366, ""score_stability"": 0.2277273482217513}",0.6488456242697587,0,Crowded,18,0,,449668156.0,0.2584575836061239,高潜机会类目,Top Opportunity,高热红海,Strong Demand,Brand Barrier,1.0,0.24452788615479737,0.6803898806968178,65.56822303283836,0.0207,3.0,68.56822303283836,高潜机会类目,Strong Demand,Brand Barrier
Category D,13,0.20076923076923076,0.03486153846153848,15.05,59063.0,0.88,0.9016393442622951,,0.01818181818181818,0.8334565137597074,0.744978721828791,0.20712066564296694,0.14104316045888868,0.9106015784812652,"{""score_market_size"": 0.32760693770711274, ""score_competition"": 0.061317751919427704, ""score_new_product"": 0.15322561005137458, ""score_momentum"": 0.23012235210033366, ""score_stability"": 0.2277273482217513}",0.554769473808923,0,Watch,14,0,,386192696.0,0.5889380055975186,高潜机会类目,Top Opportunity,稳定现金流市场,Stable Structure + Strong Demand,,0.6988597680618989,0.5677093512164949,0.9106015784812652,70.58925747708491,,0.0,70.58925747708491,高潜机会类目,Stable Structure + Strong Demand,
Category K,12,0.21416666666666664,0.029196288463941057,15.17,38853.0,0.69,0.6986301369863014,0.0,0.010330578512396695,0.7644847095022541,0.818568905975352,0.0,0.3029291025782641,0.5096660519170755,"{""score_market_size"": 0.32760693770711274, ""score_competition"": 0.061317751919427704, ""score_new_product"": 0.15322561005137458, ""score_momentum"": 0.23012235210033366, ""score_stability"": 0.2277273482217513}",0.4904513587804461,0,Avoid,14,0,,718218961.0,0.7097636329223266,较高机会类目,—,大盘冷门,Strong Demand,,0.6512381983183242,0.7316948081930379,0.5096660519170755,64.40049751741618,0.0,0.0,64.40049751741618,高潜机会类目,Strong Demand,
Category J,12,0.09916666666666667,0.015339956680015388,15.3,17821.0,0.65,0.7160493827160493,0.0,0.011061946902654867,0.3957283745511703,0.998559199079341,0.0,0.4034014977213408,0.31882221946304407,"{""score_market_size"": 0.32760693770711274, ""score_competition"": 0.061317751919427704, ""score_new_product"": 0.15322561005137458, ""score_momentum"": 0.23012235210033366, ""score_stability"": 0.2277273482217513}",0.44224897457596163,1,Avoid,12,0,,247160610.0,0.9399332934420452,中性观察类目,—,低效开放市场,Open Market,Unstable Structure,0.3624673020469156,0.8485055814921163,0.31882221946304407,52.166942920676796,0.0,0.0,52.166942920676796,较高机会类目,Open Market,Unstable Structure
Category R,12,0.2075,0.031068258340985606,19.86,10925.0,0.88,0.8983050847457628,0.0,0.02079002079002079,0.15435482437149503,0.7942524842769374,0.0,0.2475050055858104,0.9874102989825955,"{""score_market_size"": 0.32760693770711274, ""score_competition"": 0.061317751919427704, ""score_new_product"": 0.15322561005137458, ""score_momentum"": 0.23012235210033366, ""score_stability"": 0.2277273482217513}",0.3467792208569165,0,Watch,11,0,,52733263.0,0.4918128763151275,暂不考虑类目,—,稳态老品市场,Stable Structure,Weak Demand,0.16413213753271874,0.5627201993166142,0.9874102989825955,50.945749951955136,0.0035,0.0,50.945749951955136,较高机会类目,Stable Structure,Weak Demand
Category P,12,0.3758333333333333,0.07007486606685595,9.8,21368.0,0.73,0.7555555555555555,0.01466275659824047,0.0211864406779661,0.15189100620635815,0.2875663809810865,0.5976737096559515,0.5474984686996878,0.46637409616389286,"{""score_market_size"": 0.32760693770711274, ""score_competition"": 0.061317751919427704, ""score_new_product"": 0.15322561005137458, ""score_momentum"": 0.23012235210033366, ""score_stability"": 0.2277273482217513}",0.4345452290768098,1,Avoid,7,0,,655035134.0,0.49982740345797133,中性观察类目,—,冷门封闭,,Weak Demand,0.11758768595040914,0.5998619227663771,0.46637409616389286,37.35802713893689,0.0029,0.0,37.35802713893689,谨慎评估类目,,Weak Demand
Category L,12,0.13,0.019428619966460326,15.47,15596.0,0.63,0.6486486486486487,0.02109704641350211,0.029411764705882353,0.1451014212975026,0.9454484829961386,0.6449580221287324,0.4380850482033584,0.06263875788445845,"{""score_market_size"": 0.32760693770711274, ""score_competition"": 0.061317751919427704, ""score_new_product"": 0.15322561005137458, ""score_momentum"": 0.23012235210033366, ""score_stability"": 0.2277273482217513}",0.44812108282668023,1,Top Pick,13,0,,68714906.0,0.8309822086535423,中性观察类目,—,新兴机会,Open Market,Unstable Structure,0.1307676016026041,0.8421346598013497,0.06263875788445845,36.27138610426287,0.038,3.0,39.27138610426287,谨慎评估类目,Open Market,Unstable Structure
Category M,12,0.2591666666666667,0.04902544827410677,18.63,38537.0,0.86,0.8958333333333334,0.0,0.002197802197802198,0.4525215128500867,0.560993066864893,0.0,0.09401129109087265,0.6951119246566029,"{""score_market_size"": 0.32760693770711274, ""score_competition"": 0.061317751919427704, ""score_new_product"": 0.15322561005137458, ""score_momentum"": 0.23012235210033366, ""score_stability"": 0.2277273482217513}",0.45567386647130337,0,Watch,7,0,,973159617.0,0.8967000235866415,较高机会类目,—,稳定现金流市场,Open Market + Stable Structure,,0.37742333114386434,0.8127220775168297,0.6951119246566029,60.92000407525868,0.0,0.0,60.92000407525868,较高机会类目,Open Market + Stable Structure,
Category F,12,0.15500000000000003,0.021831713928481235,18.13,14982.0,0.61,0.7794117647058824,0.008130081300813009,0.013944223107569721,0.27052082709197905,0.9142328919345595,0.20712066564296694,0.2744452592231183,0.21909823863495453,"{""score_market_size"": 0.32760693770711274, ""score_competition"": 0.061317751919427704, ""score_new_product"": 0.15322561005137458, ""score_momentum"": 0.23012235210033366, ""score_stability"": 0.2277273482217513}",0.38496786923681753,0,Avoid,8,0,,308581762.0,0.8075280186260738,谨慎评估类目,—,低效开放市场,,Unstable Structure,0.2395338174642155,0.8348913556548986,0.21909823863495453,44.28000611236393,0.0285,3.0,47.28000611236393,中性观察类目,Open Market,Unstable Structure
Category G,12,0.12,0.01773167350618007,15.2,26367.0,0.76,0.7763157894736842,0.004219409282700422,0.008316008316008316,0.39809555515861517,0.9674913941742566,0.21498600737624413,0.14557370916308845,0.5911553551102079,"{""score_market_size"": 0.32760693770711274, ""score_competition"": 0.061317751919427704, ""score_new_product"": 0.15322561005137458, ""score_momentum"": 0.23012235210033366, ""score_stability"": 0.2277273482217513}",0.4334258178721328,0,Avoid,13,0,,91737158.0,0.7215814718649429,谨慎评估类目,—,低效开放市场,,,0.35243676072788577,0.7741383073543123,0.5911553551102079,55.97119506427156,0.0042,0.0,55.97119506427156,较高机会类目,,
